obs_key,status
RUN_START,RUN_START
PACE_OCI.20240311T195804.L2.OC_AOP.V3_1.nc||0,NO_VALID_PIXELS_5x5
PACE_OCI.20240318T204706.L2.OC_AOP.V3_1.nc||1,NO_VALID_PIXELS_5x5
PACE_OCI.20240401T204628.L2.OC_AOP.V3_1.nc||3,NO_VALID_PIXELS_5x5
PACE_OCI.20240408T195646.L2.OC_AOP.V3_1.nc||4,OBS_DONE
RUN_START,RUN_START
PACE_OCI.20240311T195804.L2.OC_AOP.V3_1.nc||0,NO_VALID_PIXELS_5x5
PACE_OCI.20240318T204706.L2.OC_AOP.V3_1.nc||1,NO_VALID_PIXELS_5x5
PACE_OCI.20240401T204628.L2.OC_AOP.V3_1.nc||3,OBS_DONE
PACE_OCI.20240415T204017.L2.OC_AOP.V3_1.nc||5,OBS_DONE
RUN_START,RUN_START
PACE_OCI.20240311T195804.L2.OC_AOP.V3_1.nc||0,NO_VALID_PIXELS_5x5
PACE_OCI.20240318T204706.L2.OC_AOP.V3_1.nc||1,NO_VALID_PIXELS_5x5
PACE_OCI.20240422T195018.L2.OC_AOP.V3_1.nc||6,NO_VALID_PIXELS_5x5
PACE_OCI.20240429T203818.L2.OC_AOP.V3_1.nc||7,OBS_DONE
RUN_START,RUN_START
PACE_OCI.20240311T195804.L2.OC_AOP.V3_1.nc||0,NO_VALID_PIXELS_5x5
PACE_OCI.20240318T204706.L2.OC_AOP.V3_1.nc||1,NO_VALID_PIXELS_5x5
PACE_OCI.20240422T195018.L2.OC_AOP.V3_1.nc||6,NO_VALID_PIXELS_5x5
PACE_OCI.20240506T194750.L2.OC_AOP.V3_1.nc||8,OBS_DONE
RUN_START,RUN_START
PACE_OCI.20240311T195804.L2.OC_AOP.V3_1.nc||0,NO_VALID_PIXELS_5x5
PACE_OCI.20240318T204706.L2.OC_AOP.V3_1.nc||1,NO_VALID_PIXELS_5x5
PACE_OCI.20240422T195018.L2.OC_AOP.V3_1.nc||6,NO_VALID_PIXELS_5x5
PACE_OCI.20240513T203532.L2.OC_AOP.V3_1.nc||9,NO_VALID_PIXELS_5x5
PACE_OCI.20240520T194443.L2.OC_AOP.V3_1.nc||10,NO_VALID_PIXELS_5x5
PACE_OCI.20240520T212303.L2.OC_AOP.V3_1.nc||10,NO_VALID_PIXELS_5x5
PACE_OCI.20240603T194017.L2.OC_AOP.V3_1.nc||12,OBS_DONE
PACE_OCI.20240603T211836.L2.OC_AOP.V3_1.nc||12,NO_VALID_PIXELS_5x5
PACE_OCI.20240610T202702.L2.OC_AOP.V3_1.nc||13,OBS_DONE
PACE_OCI.20240617T193515.L2.OC_AOP.V3_1.nc||14,NO_VALID_PIXELS_5x5
PACE_OCI.20240617T211334.L2.OC_AOP.V3_1.nc||14,NO_VALID_PIXELS_5x5
PACE_OCI.20240624T202137.L2.OC_AOP.V3_1.nc||15,OBS_DONE
PACE_OCI.20240701T192930.L2.OC_AOP.V3_1.nc||16,NO_VALID_PIXELS_5x5
PACE_OCI.20240701T210749.L2.OC_AOP.V3_1.nc||16,NO_VALID_PIXELS_5x5
PACE_OCI.20240708T201528.L2.OC_AOP.V3_1.nc||17,NO_VALID_PIXELS_5x5
PACE_OCI.20240715T192258.L2.OC_AOP.V3_1.nc||18,NO_VALID_PIXELS_5x5
PACE_OCI.20240715T210117.L2.OC_AOP.V3_1.nc||18,NO_VALID_PIXELS_5x5
PACE_OCI.20240722T200836.L2.OC_AOP.V3_1.nc||19,NO_VALID_PIXELS_5x5
PACE_OCI.20240729T205400.L2.OC_AOP.V3_1.nc||20,OBS_DONE
PACE_OCI.20240805T200057.L2.OC_AOP.V3_1.nc||21,NO_VALID_PIXELS_5x5
PACE_OCI.20240812T204559.L2.OC_AOP.V3_1.nc||22,NO_VALID_PIXELS_5x5
PACE_OCI.20240819T195220.L2.OC_AOP.V3_1.nc||23,OBS_DONE
PACE_OCI.20240826T204149.L2.OC_AOP.V3_1.nc||24,OBS_DONE
PACE_OCI.20240903T202212.L2.OC_AOP.V3_1.nc||25,NO_VALID_PIXELS_5x5
PACE_OCI.20240916T193710.L2.OC_AOP.V3_1.nc||27,OBS_DONE
PACE_OCI.20240916T211527.L2.OC_AOP.V3_1.nc||27,NO_VALID_PIXELS_5x5
PACE_OCI.20240923T202039.L2.OC_AOP.V3_1.nc||28,NO_VALID_PIXELS_5x5
PACE_OCI.20240930T192540.L2.OC_AOP.V3_1.nc||29,NO_VALID_PIXELS_5x5
RUN_START,RUN_START
PACE_OCI.20240311T195804.L2.OC_AOP.V3_1.nc||0,NO_VALID_PIXELS_5x5
PACE_OCI.20240318T204706.L2.OC_AOP.V3_1.nc||1,NO_VALID_PIXELS_5x5
PACE_OCI.20240422T195018.L2.OC_AOP.V3_1.nc||6,NO_VALID_PIXELS_5x5
PACE_OCI.20240513T203532.L2.OC_AOP.V3_1.nc||9,NO_VALID_PIXELS_5x5
PACE_OCI.20240520T194443.L2.OC_AOP.V3_1.nc||10,NO_VALID_PIXELS_5x5
PACE_OCI.20240520T212303.L2.OC_AOP.V3_1.nc||10,NO_VALID_PIXELS_5x5
PACE_OCI.20240603T211836.L2.OC_AOP.V3_1.nc||12,NO_VALID_PIXELS_5x5
PACE_OCI.20240617T193515.L2.OC_AOP.V3_1.nc||14,NO_VALID_PIXELS_5x5
PACE_OCI.20240617T211334.L2.OC_AOP.V3_1.nc||14,NO_VALID_PIXELS_5x5
PACE_OCI.20240701T192930.L2.OC_AOP.V3_1.nc||16,NO_VALID_PIXELS_5x5
PACE_OCI.20240701T210749.L2.OC_AOP.V3_1.nc||16,NO_VALID_PIXELS_5x5
PACE_OCI.20240708T201528.L2.OC_AOP.V3_1.nc||17,NO_VALID_PIXELS_5x5
PACE_OCI.20240715T192258.L2.OC_AOP.V3_1.nc||18,NO_VALID_PIXELS_5x5
PACE_OCI.20240715T210117.L2.OC_AOP.V3_1.nc||18,NO_VALID_PIXELS_5x5
PACE_OCI.20240722T200836.L2.OC_AOP.V3_1.nc||19,NO_VALID_PIXELS_5x5
PACE_OCI.20240805T200057.L2.OC_AOP.V3_1.nc||21,NO_VALID_PIXELS_5x5
PACE_OCI.20240812T204559.L2.OC_AOP.V3_1.nc||22,NO_VALID_PIXELS_5x5
PACE_OCI.20240903T202212.L2.OC_AOP.V3_1.nc||25,NO_VALID_PIXELS_5x5
PACE_OCI.20240916T211527.L2.OC_AOP.V3_1.nc||27,NO_VALID_PIXELS_5x5
PACE_OCI.20240923T202039.L2.OC_AOP.V3_1.nc||28,NO_VALID_PIXELS_5x5
PACE_OCI.20240930T192540.L2.OC_AOP.V3_1.nc||29,NO_VALID_PIXELS_5x5
RUN_START,RUN_START
PACE_OCI.20240311T195804.L2.OC_AOP.V3_1.nc||0,NO_VALID_PIXELS_5x5
PACE_OCI.20240318T204706.L2.OC_AOP.V3_1.nc||1,NO_VALID_PIXELS_5x5
PACE_OCI.20240422T195018.L2.OC_AOP.V3_1.nc||6,NO_VALID_PIXELS_5x5
PACE_OCI.20240513T203532.L2.OC_AOP.V3_1.nc||9,NO_VALID_PIXELS_5x5
PACE_OCI.20240520T194443.L2.OC_AOP.V3_1.nc||10,NO_VALID_PIXELS_5x5
PACE_OCI.20240520T212303.L2.OC_AOP.V3_1.nc||10,NO_VALID_PIXELS_5x5
PACE_OCI.20240603T211836.L2.OC_AOP.V3_1.nc||12,NO_VALID_PIXELS_5x5
PACE_OCI.20240617T193515.L2.OC_AOP.V3_1.nc||14,NO_VALID_PIXELS_5x5
PACE_OCI.20240617T211334.L2.OC_AOP.V3_1.nc||14,NO_VALID_PIXELS_5x5
PACE_OCI.20240701T192930.L2.OC_AOP.V3_1.nc||16,NO_VALID_PIXELS_5x5
PACE_OCI.20240701T210749.L2.OC_AOP.V3_1.nc||16,NO_VALID_PIXELS_5x5
PACE_OCI.20240708T201528.L2.OC_AOP.V3_1.nc||17,NO_VALID_PIXELS_5x5
PACE_OCI.20240715T192258.L2.OC_AOP.V3_1.nc||18,NO_VALID_PIXELS_5x5
PACE_OCI.20240715T210117.L2.OC_AOP.V3_1.nc||18,NO_VALID_PIXELS_5x5
PACE_OCI.20240722T200836.L2.OC_AOP.V3_1.nc||19,NO_VALID_PIXELS_5x5
PACE_OCI.20240805T200057.L2.OC_AOP.V3_1.nc||21,NO_VALID_PIXELS_5x5
RUN_START,RUN_START
PACE_OCI.20240311T195804.L2.OC_AOP.V3_1.nc||0,NO_VALID_PIXELS_5x5
PACE_OCI.20240318T204706.L2.OC_AOP.V3_1.nc||1,NO_VALID_PIXELS_5x5
PACE_OCI.20240422T195018.L2.OC_AOP.V3_1.nc||6,NO_VALID_PIXELS_5x5
PACE_OCI.20240513T203532.L2.OC_AOP.V3_1.nc||9,NO_VALID_PIXELS_5x5
PACE_OCI.20240520T194443.L2.OC_AOP.V3_1.nc||10,NO_VALID_PIXELS_5x5
PACE_OCI.20240520T212303.L2.OC_AOP.V3_1.nc||10,NO_VALID_PIXELS_5x5
PACE_OCI.20240603T211836.L2.OC_AOP.V3_1.nc||12,NO_VALID_PIXELS_5x5
PACE_OCI.20240617T193515.L2.OC_AOP.V3_1.nc||14,NO_VALID_PIXELS_5x5
PACE_OCI.20240617T211334.L2.OC_AOP.V3_1.nc||14,NO_VALID_PIXELS_5x5
PACE_OCI.20240701T192930.L2.OC_AOP.V3_1.nc||16,NO_VALID_PIXELS_5x5
PACE_OCI.20240701T210749.L2.OC_AOP.V3_1.nc||16,NO_VALID_PIXELS_5x5
PACE_OCI.20240708T201528.L2.OC_AOP.V3_1.nc||17,NO_VALID_PIXELS_5x5
PACE_OCI.20240715T192258.L2.OC_AOP.V3_1.nc||18,NO_VALID_PIXELS_5x5
PACE_OCI.20240715T210117.L2.OC_AOP.V3_1.nc||18,NO_VALID_PIXELS_5x5
PACE_OCI.20240722T200836.L2.OC_AOP.V3_1.nc||19,NO_VALID_PIXELS_5x5
PACE_OCI.20240805T200057.L2.OC_AOP.V3_1.nc||21,NO_VALID_PIXELS_5x5
RUN_START,RUN_START
PACE_OCI.20240311T195804.L2.OC_AOP.V3_1.nc||0,NO_VALID_PIXELS_5x5
PACE_OCI.20240318T204706.L2.OC_AOP.V3_1.nc||1,NO_VALID_PIXELS_5x5
PACE_OCI.20240422T195018.L2.OC_AOP.V3_1.nc||6,NO_VALID_PIXELS_5x5
PACE_OCI.20240513T203532.L2.OC_AOP.V3_1.nc||9,NO_VALID_PIXELS_5x5
PACE_OCI.20240520T194443.L2.OC_AOP.V3_1.nc||10,NO_VALID_PIXELS_5x5
PACE_OCI.20240520T212303.L2.OC_AOP.V3_1.nc||10,NO_VALID_PIXELS_5x5
PACE_OCI.20240603T211836.L2.OC_AOP.V3_1.nc||12,NO_VALID_PIXELS_5x5
PACE_OCI.20240617T193515.L2.OC_AOP.V3_1.nc||14,NO_VALID_PIXELS_5x5
PACE_OCI.20240617T211334.L2.OC_AOP.V3_1.nc||14,NO_VALID_PIXELS_5x5
PACE_OCI.20240701T192930.L2.OC_AOP.V3_1.nc||16,NO_VALID_PIXELS_5x5
PACE_OCI.20240701T210749.L2.OC_AOP.V3_1.nc||16,NO_VALID_PIXELS_5x5
PACE_OCI.20240708T201528.L2.OC_AOP.V3_1.nc||17,NO_VALID_PIXELS_5x5
PACE_OCI.20240715T192258.L2.OC_AOP.V3_1.nc||18,NO_VALID_PIXELS_5x5
PACE_OCI.20240715T210117.L2.OC_AOP.V3_1.nc||18,NO_VALID_PIXELS_5x5
PACE_OCI.20240722T200836.L2.OC_AOP.V3_1.nc||19,NO_VALID_PIXELS_5x5
PACE_OCI.20240805T200057.L2.OC_AOP.V3_1.nc||21,NO_VALID_PIXELS_5x5
PACE_OCI.20240812T204559.L2.OC_AOP.V3_1.nc||22,NO_VALID_PIXELS_5x5
PACE_OCI.20240903T202212.L2.OC_AOP.V3_1.nc||25,NO_VALID_PIXELS_5x5
PACE_OCI.20240916T211527.L2.OC_AOP.V3_1.nc||27,NO_VALID_PIXELS_5x5
PACE_OCI.20240923T202039.L2.OC_AOP.V3_1.nc||28,NO_VALID_PIXELS_5x5
PACE_OCI.20240930T192540.L2.OC_AOP.V3_1.nc||29,NO_VALID_PIXELS_5x5
PACE_OCI.20240930T210357.L2.OC_AOP.V3_1.nc||29,OBS_DONE
PACE_OCI.20241007T200841.L2.OC_AOP.V3_1.nc||30,NO_VALID_PIXELS_5x5
RUN_START,RUN_START
PACE_OCI.20240311T195804.L2.OC_AOP.V3_1.nc||0,NO_VALID_PIXELS_5x5
PACE_OCI.20240318T204706.L2.OC_AOP.V3_1.nc||1,NO_VALID_PIXELS_5x5
PACE_OCI.20240422T195018.L2.OC_AOP.V3_1.nc||6,NO_VALID_PIXELS_5x5
PACE_OCI.20240513T203532.L2.OC_AOP.V3_1.nc||9,NO_VALID_PIXELS_5x5
PACE_OCI.20240520T194443.L2.OC_AOP.V3_1.nc||10,NO_VALID_PIXELS_5x5
PACE_OCI.20240520T212303.L2.OC_AOP.V3_1.nc||10,NO_VALID_PIXELS_5x5
PACE_OCI.20240603T211836.L2.OC_AOP.V3_1.nc||12,NO_VALID_PIXELS_5x5
PACE_OCI.20240617T193515.L2.OC_AOP.V3_1.nc||14,NO_VALID_PIXELS_5x5
PACE_OCI.20240617T211334.L2.OC_AOP.V3_1.nc||14,NO_VALID_PIXELS_5x5
PACE_OCI.20240701T192930.L2.OC_AOP.V3_1.nc||16,NO_VALID_PIXELS_5x5
PACE_OCI.20240701T210749.L2.OC_AOP.V3_1.nc||16,NO_VALID_PIXELS_5x5
PACE_OCI.20240708T201528.L2.OC_AOP.V3_1.nc||17,NO_VALID_PIXELS_5x5
PACE_OCI.20240715T192258.L2.OC_AOP.V3_1.nc||18,NO_VALID_PIXELS_5x5
PACE_OCI.20240715T210117.L2.OC_AOP.V3_1.nc||18,NO_VALID_PIXELS_5x5
PACE_OCI.20240722T200836.L2.OC_AOP.V3_1.nc||19,NO_VALID_PIXELS_5x5
PACE_OCI.20240805T200057.L2.OC_AOP.V3_1.nc||21,NO_VALID_PIXELS_5x5
PACE_OCI.20240812T204559.L2.OC_AOP.V3_1.nc||22,NO_VALID_PIXELS_5x5
PACE_OCI.20240903T202212.L2.OC_AOP.V3_1.nc||25,NO_VALID_PIXELS_5x5
PACE_OCI.20240916T211527.L2.OC_AOP.V3_1.nc||27,NO_VALID_PIXELS_5x5
PACE_OCI.20240923T202039.L2.OC_AOP.V3_1.nc||28,NO_VALID_PIXELS_5x5
PACE_OCI.20240930T192540.L2.OC_AOP.V3_1.nc||29,NO_VALID_PIXELS_5x5
PACE_OCI.20241007T200841.L2.OC_AOP.V3_1.nc||30,NO_VALID_PIXELS_5x5
PACE_OCI.20241014T205121.L2.OC_AOP.V3_1.nc||31,OBS_DONE
PACE_OCI.20241021T200035.L2.OC_AOP.V3_1.nc||32,OBS_DONE
PACE_OCI.20241104T194742.L2.OC_AOP.V3_1.nc||34,OBS_DONE
PACE_OCI.20241111T203049.L2.OC_AOP.V3_1.nc||35,OBS_DONE
PACE_OCI.20241118T193529.L2.OC_AOP.V3_1.nc||36,NO_VALID_PIXELS_5x5
PACE_OCI.20241118T211346.L2.OC_AOP.V3_1.nc||36,OBS_DONE
PACE_OCI.20241125T201826.L2.OC_AOP.V3_1.nc||37,OBS_DONE
PACE_OCI.20241202T192258.L2.OC_AOP.V3_1.nc||38,NO_VALID_PIXELS_5x5
PACE_OCI.20241202T210115.L2.OC_AOP.V3_1.nc||38,OBS_DONE
PACE_OCI.20241209T200542.L2.OC_AOP.V3_1.nc||39,OBS_DONE
PACE_OCI.20241216T205119.L2.OC_AOP.V3_1.nc||40,OBS_DONE
RUN_START,RUN_START
PACE_OCI.20240311T195804.L2.OC_AOP.V3_1.nc||0,NO_VALID_PIXELS_5x5
PACE_OCI.20240318T204706.L2.OC_AOP.V3_1.nc||1,NO_VALID_PIXELS_5x5
PACE_OCI.20240422T195018.L2.OC_AOP.V3_1.nc||6,NO_VALID_PIXELS_5x5
PACE_OCI.20240513T203532.L2.OC_AOP.V3_1.nc||9,NO_VALID_PIXELS_5x5
PACE_OCI.20240520T194443.L2.OC_AOP.V3_1.nc||10,NO_VALID_PIXELS_5x5
PACE_OCI.20240520T212303.L2.OC_AOP.V3_1.nc||10,NO_VALID_PIXELS_5x5
PACE_OCI.20240603T211836.L2.OC_AOP.V3_1.nc||12,NO_VALID_PIXELS_5x5
PACE_OCI.20240617T193515.L2.OC_AOP.V3_1.nc||14,NO_VALID_PIXELS_5x5
PACE_OCI.20240617T211334.L2.OC_AOP.V3_1.nc||14,NO_VALID_PIXELS_5x5
PACE_OCI.20240701T192930.L2.OC_AOP.V3_1.nc||16,NO_VALID_PIXELS_5x5
PACE_OCI.20240701T210749.L2.OC_AOP.V3_1.nc||16,NO_VALID_PIXELS_5x5
PACE_OCI.20240708T201528.L2.OC_AOP.V3_1.nc||17,NO_VALID_PIXELS_5x5
PACE_OCI.20240715T192258.L2.OC_AOP.V3_1.nc||18,NO_VALID_PIXELS_5x5
PACE_OCI.20240715T210117.L2.OC_AOP.V3_1.nc||18,NO_VALID_PIXELS_5x5
PACE_OCI.20240722T200836.L2.OC_AOP.V3_1.nc||19,NO_VALID_PIXELS_5x5
PACE_OCI.20240805T200057.L2.OC_AOP.V3_1.nc||21,NO_VALID_PIXELS_5x5
PACE_OCI.20240812T204559.L2.OC_AOP.V3_1.nc||22,NO_VALID_PIXELS_5x5
PACE_OCI.20240903T202212.L2.OC_AOP.V3_1.nc||25,NO_VALID_PIXELS_5x5
PACE_OCI.20240916T211527.L2.OC_AOP.V3_1.nc||27,NO_VALID_PIXELS_5x5
PACE_OCI.20240923T202039.L2.OC_AOP.V3_1.nc||28,NO_VALID_PIXELS_5x5
PACE_OCI.20240930T192540.L2.OC_AOP.V3_1.nc||29,NO_VALID_PIXELS_5x5
PACE_OCI.20241007T200841.L2.OC_AOP.V3_1.nc||30,NO_VALID_PIXELS_5x5
PACE_OCI.20241118T193529.L2.OC_AOP.V3_1.nc||36,NO_VALID_PIXELS_5x5
PACE_OCI.20241202T192258.L2.OC_AOP.V3_1.nc||38,NO_VALID_PIXELS_5x5
PACE_OCI.20241230T204616.L2.OC_AOP.V3_1.nc||42,NO_VALID_PIXELS_5x5
PACE_OCI.20250106T195426.L2.OC_AOP.V3_1.nc||43,OBS_DONE
PACE_OCI.20250113T204049.L2.OC_AOP.V3_1.nc||44,OBS_DONE
PACE_OCI.20250121T202337.L2.OC_AOP.V3_1.nc||45,OBS_DONE
PACE_OCI.20250127T203512.L2.OC_AOP.V3_1.nc||46,OBS_DONE
PACE_OCI.20250203T194309.L2.OC_AOP.V3_1.nc||47,NO_VALID_PIXELS_5x5
PACE_OCI.20250203T212128.L2.OC_AOP.V3_1.nc||47,NO_VALID_PIXELS_5x5
PACE_OCI.20250210T203350.L2.OC_AOP.V3_1.nc||48,NO_VALID_PIXELS_5x5
PACE_OCI.20250218T202319.L2.OC_AOP.V3_1.nc||49,NO_VALID_PIXELS_5x5
PACE_OCI.20250224T203456.L2.OC_AOP.V3_1.nc||50,OBS_DONE
PACE_OCI.20250224T203956.L2.OC_AOP.V3_1.nc||50,OBS_DONE
PACE_OCI.20250304T202407.L2.OC_AOP.V3_1.nc||51,OBS_DONE
PACE_OCI.20250310T204032.L2.OC_AOP.V3_1.nc||52,OBS_DONE
PACE_OCI.20250317T195400.L2.OC_AOP.V3_1.nc||53,OBS_DONE
PACE_OCI.20250324T204538.L2.OC_AOP.V3_1.nc||54,NO_VALID_PIXELS_5x5
PACE_OCI.20250414T195735.L2.OC_AOP.V3_1.nc||57,OBS_DONE
PACE_OCI.20250414T200235.L2.OC_AOP.V3_1.nc||57,OBS_DONE
PACE_OCI.20250421T204831.L2.OC_AOP.V3_1.nc||58,NO_VALID_PIXELS_5x5
PACE_OCI.20250428T200053.L2.OC_AOP.V3_1.nc||59,OBS_DONE
PACE_OCI.20250505T205126.L2.OC_AOP.V3_1.nc||60,OBS_DONE
PACE_OCI.20250512T200330.L2.OC_AOP.V3_1.nc||61,NO_VALID_PIXELS_5x5
PACE_OCI.20250519T205402.L2.OC_AOP.V3_1.nc||62,OBS_DONE
PACE_OCI.20250527T204128.L2.OC_AOP.V3_1.nc||63,NO_VALID_PIXELS_5x5
PACE_OCI.20250602T205630.L2.OC_AOP.V3_1.nc||64,NO_VALID_PIXELS_5x5
PACE_OCI.20250609T200821.L2.OC_AOP.V3_1.nc||65,NO_VALID_PIXELS_5x5
PACE_OCI.20250616T192001.L2.OC_AOP.V3_1.nc||66,NO_VALID_PIXELS_5x5
PACE_OCI.20250616T205822.L2.OC_AOP.V3_1.nc||66,OBS_DONE
PACE_OCI.20250623T200956.L2.OC_AOP.V3_1.nc||67,OBS_DONE
PACE_OCI.20250630T192121.L2.OC_AOP.V3_1.nc||68,NO_VALID_PIXELS_5x5
PACE_OCI.20250630T205942.L2.OC_AOP.V3_1.nc||68,NO_VALID_PIXELS_5x5
PACE_OCI.20250707T201101.L2.OC_AOP.V3_1.nc||69,OBS_DONE
PACE_OCI.20250714T192212.L2.OC_AOP.V3_1.nc||70,NO_VALID_PIXELS_5x5
PACE_OCI.20250714T210033.L2.OC_AOP.V3_1.nc||70,NO_VALID_PIXELS_5x5
PACE_OCI.20250721T201138.L2.OC_AOP.V3_1.nc||71,OBS_DONE
PACE_OCI.20250728T192235.L2.OC_AOP.V3_1.nc||72,NO_VALID_PIXELS_5x5
PACE_OCI.20250728T210056.L2.OC_AOP.V3_1.nc||72,OBS_DONE
PACE_OCI.20250804T201146.L2.OC_AOP.V3_1.nc||73,NO_VALID_PIXELS_5x5
PACE_OCI.20250811T192229.L2.OC_AOP.V3_1.nc||74,NO_VALID_PIXELS_5x5
PACE_OCI.20250811T210050.L2.OC_AOP.V3_1.nc||74,NO_VALID_PIXELS_5x5
PACE_OCI.20250818T201128.L2.OC_AOP.V3_1.nc||75,OBS_DONE
PACE_OCI.20250825T192701.L2.OC_AOP.V3_1.nc||76,NO_VALID_PIXELS_5x5
PACE_OCI.20250825T210021.L2.OC_AOP.V3_1.nc||76,NO_VALID_PIXELS_5x5
PACE_OCI.20250902T204553.L2.OC_AOP.V3_1.nc||77,OBS_DONE
PACE_OCI.20250902T205053.L2.OC_AOP.V3_1.nc||77,NO_VALID_PIXELS_5x5
PACE_OCI.20250908T192609.L2.OC_AOP.V3_1.nc||78,OBS_DONE
PACE_OCI.20250908T210429.L2.OC_AOP.V3_1.nc||78,OBS_DONE
PACE_OCI.20250915T201441.L2.OC_AOP.V3_1.nc||79,OBS_DONE
PACE_OCI.20250922T192451.L2.OC_AOP.V3_1.nc||80,NO_VALID_PIXELS_5x5
PACE_OCI.20250922T210311.L2.OC_AOP.V3_1.nc||80,OBS_DONE
PACE_OCI.20250929T201315.L2.OC_AOP.V3_1.nc||81,OBS_DONE
PACE_OCI.20251006T192307.L2.OC_AOP.V3_1.nc||82,NO_VALID_PIXELS_5x5
PACE_OCI.20251006T210127.L2.OC_AOP.V3_1.nc||82,NO_VALID_PIXELS_5x5
PACE_OCI.20251013T201113.L2.OC_AOP.V3_1.nc||83,NO_VALID_PIXELS_5x5
PACE_OCI.20251013T201613.L2.OC_AOP.V3_1.nc||83,NO_VALID_PIXELS_5x5
PACE_OCI.20251020T192555.L2.OC_AOP.V3_1.nc||84,OBS_DONE
PACE_OCI.20251020T205915.L2.OC_AOP.V3_1.nc||84,OBS_DONE
PACE_OCI.20251020T210415.L2.OC_AOP.V3_1.nc||84,NO_VALID_PIXELS_5x5
PACE_OCI.20251027T201353.L2.OC_AOP.V3_1.nc||85,OBS_DONE
PACE_OCI.20251103T192327.L2.OC_AOP.V3_1.nc||86,NO_VALID_PIXELS_5x5
PACE_OCI.20251103T210147.L2.OC_AOP.V3_1.nc||86,OBS_DONE
PACE_OCI.20251110T201121.L2.OC_AOP.V3_1.nc||87,OBS_DONE
PACE_OCI.20251117T192051.L2.OC_AOP.V3_1.nc||88,NO_VALID_PIXELS_5x5
PACE_OCI.20251117T205911.L2.OC_AOP.V3_1.nc||88,NO_VALID_PIXELS_5x5
PACE_OCI.20251201T205627.L2.OC_AOP.V3_1.nc||89,OBS_DONE
PACE_OCI.20251208T200556.L2.OC_AOP.V3_1.nc||90,OBS_DONE
PACE_OCI.20251215T192025.L2.OC_AOP.V3_1.nc||91,NO_VALID_PIXELS_5x5
PACE_OCI.20251215T205344.L2.OC_AOP.V3_1.nc||91,NO_VALID_PIXELS_5x5
